{
    "Accuracy": 0.9666666666666667,
    "Recall": 0.9666666666666667,
    "Precision": 0.9692307692307692
}