{
    "Accuracy": 0.8266666666666667,
    "Recall": 0.8266666666666667,
    "Precision": 0.8533333333333334
}